Garavito Vic 1,1985-01-01,1993-01-01,ThroatCut
Garavito Vic 2,1985-01-02,1993-01-01,ThroatCut
Garavito Vic 3,1985-01-03,1993-01-02,ThroatCut
Garavito Vic 4,1985-01-04,1993-01-03,ThroatCut
Garavito Vic 5,1985-01-05,1993-01-04,ThroatCut
Garavito Vic 6,1985-01-06,1993-01-05,ThroatCut
Garavito Vic 7,1985-01-07,1993-01-06,ThroatCut
Garavito Vic 8,1985-01-08,1993-01-07,ThroatCut
Garavito Vic 9,1985-01-09,1993-01-08,ThroatCut
Garavito Vic 10,1985-01-10,1993-01-09,ThroatCut
Garavito Vic 11,1985-01-11,1993-01-10,ThroatCut
Garavito Vic 12,1985-01-12,1993-01-11,ThroatCut
Garavito Vic 13,1985-01-13,1993-01-12,ThroatCut
Garavito Vic 14,1985-01-14,1993-01-13,ThroatCut
Garavito Vic 15,1985-01-15,1993-01-14,ThroatCut
Garavito Vic 16,1985-01-16,1993-01-15,ThroatCut
Garavito Vic 17,1985-01-17,1993-01-16,ThroatCut
Garavito Vic 18,1985-01-18,1993-01-17,ThroatCut
Garavito Vic 19,1985-01-19,1993-01-18,ThroatCut
Garavito Vic 20,1985-01-20,1993-01-19,ThroatCut
Garavito Vic 21,1985-01-21,1993-01-20,ThroatCut
Garavito Vic 22,1985-01-22,1993-01-21,ThroatCut
Garavito Vic 23,1985-01-23,1993-01-22,ThroatCut
Garavito Vic 24,1985-01-24,1993-01-23,ThroatCut
Garavito Vic 25,1985-01-25,1993-01-24,ThroatCut
Garavito Vic 26,1985-01-26,1993-01-25,ThroatCut
Garavito Vic 27,1985-01-27,1993-01-26,ThroatCut
Garavito Vic 28,1985-01-28,1993-01-27,ThroatCut
Garavito Vic 29,1985-01-29,1993-01-28,ThroatCut
Garavito Vic 30,1985-01-30,1993-01-29,ThroatCut
Garavito Vic 31,1985-01-31,1993-01-30,ThroatCut
Garavito Vic 32,1985-02-01,1993-01-31,ThroatCut
Garavito Vic 33,1985-02-02,1993-02-01,ThroatCut
Garavito Vic 34,1985-02-03,1993-02-02,ThroatCut
Garavito Vic 35,1985-02-04,1993-02-03,ThroatCut
Garavito Vic 36,1985-02-05,1993-02-04,ThroatCut
Garavito Vic 37,1985-02-06,1993-02-05,ThroatCut
Garavito Vic 38,1985-02-07,1993-02-06,ThroatCut
Garavito Vic 39,1985-02-08,1993-02-07,ThroatCut
Garavito Vic 40,1985-02-09,1993-02-08,ThroatCut
Garavito Vic 41,1985-02-10,1993-02-09,ThroatCut
Garavito Vic 42,1985-02-11,1993-02-10,ThroatCut
Garavito Vic 43,1985-02-12,1993-02-11,ThroatCut
Garavito Vic 44,1985-02-13,1993-02-12,ThroatCut
Garavito Vic 45,1985-02-14,1993-02-13,ThroatCut
Garavito Vic 46,1985-02-15,1993-02-14,ThroatCut
Garavito Vic 47,1985-02-16,1993-02-15,ThroatCut
Garavito Vic 48,1985-02-17,1993-02-16,ThroatCut
Garavito Vic 49,1985-02-18,1993-02-17,ThroatCut
Garavito Vic 50,1985-02-19,1993-02-18,ThroatCut
Garavito Vic 51,1985-02-20,1993-02-19,ThroatCut
Garavito Vic 52,1985-02-21,1993-02-20,ThroatCut
Garavito Vic 53,1985-02-22,1993-02-21,ThroatCut
Garavito Vic 54,1985-02-23,1993-02-22,ThroatCut
Garavito Vic 55,1985-02-24,1993-02-23,ThroatCut
Garavito Vic 56,1985-02-25,1993-02-24,ThroatCut
Garavito Vic 57,1985-02-26,1993-02-25,ThroatCut
Garavito Vic 58,1985-02-27,1993-02-26,ThroatCut
Garavito Vic 59,1985-02-28,1993-02-27,ThroatCut
Garavito Vic 60,1985-03-01,1993-02-28,ThroatCut
Garavito Vic 61,1985-03-02,1993-03-01,ThroatCut
Garavito Vic 62,1985-03-03,1993-03-02,ThroatCut
Garavito Vic 63,1985-03-04,1993-03-03,ThroatCut
Garavito Vic 64,1985-03-05,1993-03-04,ThroatCut
Garavito Vic 65,1985-03-06,1993-03-05,ThroatCut
Garavito Vic 66,1985-03-07,1993-03-06,ThroatCut
Garavito Vic 67,1985-03-08,1993-03-07,ThroatCut
Garavito Vic 68,1985-03-09,1993-03-08,ThroatCut
Garavito Vic 69,1985-03-10,1993-03-09,ThroatCut
Garavito Vic 70,1985-03-11,1993-03-10,ThroatCut
Garavito Vic 71,1985-03-12,1993-03-11,ThroatCut
Garavito Vic 72,1985-03-13,1993-03-12,ThroatCut
Garavito Vic 73,1985-03-14,1993-03-13,ThroatCut
Garavito Vic 74,1985-03-15,1993-03-14,ThroatCut
Garavito Vic 75,1985-03-16,1993-03-15,ThroatCut
Garavito Vic 76,1985-03-17,1993-03-16,ThroatCut
Garavito Vic 77,1985-03-18,1993-03-17,ThroatCut
Garavito Vic 78,1985-03-19,1993-03-18,ThroatCut
Garavito Vic 79,1985-03-20,1993-03-19,ThroatCut
Garavito Vic 80,1985-03-21,1993-03-20,ThroatCut
Garavito Vic 81,1985-03-22,1993-03-21,ThroatCut
Garavito Vic 82,1985-03-23,1993-03-22,ThroatCut
Garavito Vic 83,1985-03-24,1993-03-23,ThroatCut
Garavito Vic 84,1985-03-25,1993-03-24,ThroatCut
Garavito Vic 85,1985-03-26,1993-03-25,ThroatCut
Garavito Vic 86,1985-03-27,1993-03-26,ThroatCut
Garavito Vic 87,1985-03-28,1993-03-27,ThroatCut
Garavito Vic 88,1985-03-29,1993-03-28,ThroatCut
Garavito Vic 89,1985-03-30,1993-03-29,ThroatCut
Garavito Vic 90,1985-03-31,1993-03-30,ThroatCut
Garavito Vic 91,1985-04-01,1993-03-31,ThroatCut
Garavito Vic 92,1985-04-02,1993-04-01,ThroatCut
Garavito Vic 93,1985-04-03,1993-04-02,ThroatCut
Garavito Vic 94,1985-04-04,1993-04-03,ThroatCut
Garavito Vic 95,1985-04-05,1993-04-04,ThroatCut
Garavito Vic 96,1985-04-06,1993-04-05,ThroatCut
Garavito Vic 97,1985-04-07,1993-04-06,ThroatCut
Garavito Vic 98,1985-04-08,1993-04-07,ThroatCut
Garavito Vic 99,1985-04-09,1993-04-08,ThroatCut
Garavito Vic 100,1985-04-10,1993-04-09,ThroatCut
Garavito Vic 101,1985-04-11,1993-04-10,ThroatCut
Garavito Vic 102,1985-04-12,1993-04-11,ThroatCut
Garavito Vic 103,1985-04-13,1993-04-12,ThroatCut
Garavito Vic 104,1985-04-14,1993-04-13,ThroatCut
Garavito Vic 105,1985-04-15,1993-04-14,ThroatCut
Garavito Vic 106,1985-04-16,1993-04-15,ThroatCut
Garavito Vic 107,1985-04-17,1993-04-16,ThroatCut
Garavito Vic 108,1985-04-18,1993-04-17,ThroatCut
Garavito Vic 109,1985-04-19,1993-04-18,ThroatCut
Garavito Vic 110,1985-04-20,1993-04-19,ThroatCut
Garavito Vic 111,1985-04-21,1993-04-20,ThroatCut
Garavito Vic 112,1985-04-22,1993-04-21,ThroatCut
Garavito Vic 113,1985-04-23,1993-04-22,ThroatCut
Garavito Vic 114,1985-04-24,1993-04-23,ThroatCut
Garavito Vic 115,1985-04-25,1993-04-24,ThroatCut
Garavito Vic 116,1985-04-26,1993-04-25,ThroatCut
Garavito Vic 117,1985-04-27,1993-04-26,ThroatCut
Garavito Vic 118,1985-04-28,1993-04-27,ThroatCut
Garavito Vic 119,1985-04-29,1993-04-28,ThroatCut
Garavito Vic 120,1985-04-30,1993-04-29,ThroatCut
Garavito Vic 121,1985-05-01,1993-04-30,ThroatCut
Garavito Vic 122,1985-05-02,1993-05-01,ThroatCut
Garavito Vic 123,1985-05-03,1993-05-02,ThroatCut
Garavito Vic 124,1985-05-04,1993-05-03,ThroatCut
Garavito Vic 125,1985-05-05,1993-05-04,ThroatCut
Garavito Vic 126,1985-05-06,1993-05-05,ThroatCut
Garavito Vic 127,1985-05-07,1993-05-06,ThroatCut
Garavito Vic 128,1985-05-08,1993-05-07,ThroatCut
Garavito Vic 129,1985-05-09,1993-05-08,ThroatCut
Garavito Vic 130,1985-05-10,1993-05-09,ThroatCut
Garavito Vic 131,1985-05-11,1993-05-10,ThroatCut
Garavito Vic 132,1985-05-12,1993-05-11,ThroatCut
Garavito Vic 133,1985-05-13,1993-05-12,ThroatCut
Garavito Vic 134,1985-05-14,1993-05-13,ThroatCut
Garavito Vic 135,1985-05-15,1993-05-14,ThroatCut
Garavito Vic 136,1985-05-16,1993-05-15,ThroatCut
Garavito Vic 137,1985-05-17,1993-05-16,ThroatCut
Garavito Vic 138,1977-01-01,1998-01-01,ThroatCut
Lopez Vic 1,1956-01-01,1968-01-01,Unknown
Lopez Vic 2,1956-01-02,1968-01-02,Unknown
Lopez Vic 3,1956-01-03,1968-01-03,Unknown
Lopez Vic 4,1956-01-04,1968-01-04,Unknown
Lopez Vic 5,1956-01-05,1968-01-05,Unknown
Lopez Vic 6,1956-01-06,1968-01-06,Unknown
Lopez Vic 7,1956-01-07,1968-01-07,Unknown
Lopez Vic 8,1956-01-08,1968-01-08,Unknown
Lopez Vic 9,1956-01-09,1968-01-09,Unknown
Lopez Vic 10,1956-01-10,1968-01-10,Unknown
Lopez Vic 11,1956-01-11,1968-01-11,Unknown
Lopez Vic 12,1956-01-12,1968-01-12,Unknown
Lopez Vic 13,1956-01-13,1968-01-13,Unknown
Lopez Vic 14,1956-01-14,1968-01-14,Unknown
Lopez Vic 15,1956-01-15,1968-01-15,Unknown
Lopez Vic 16,1956-01-16,1968-01-16,Unknown
Lopez Vic 17,1956-01-17,1968-01-17,Unknown
Lopez Vic 18,1956-01-18,1968-01-18,Unknown
Lopez Vic 19,1956-01-19,1968-01-19,Unknown
Lopez Vic 20,1956-01-20,1968-01-20,Unknown
Lopez Vic 21,1956-01-21,1968-01-21,Unknown
Lopez Vic 22,1956-01-22,1968-01-22,Unknown
Lopez Vic 23,1956-01-23,1968-01-23,Unknown
Lopez Vic 24,1956-01-24,1968-01-24,Unknown
Lopez Vic 25,1956-01-25,1968-01-25,Unknown
Lopez Vic 26,1956-01-26,1968-01-26,Unknown
Lopez Vic 27,1956-01-27,1968-01-27,Unknown
Lopez Vic 28,1956-01-28,1968-01-28,Unknown
Lopez Vic 29,1956-01-29,1968-01-29,Unknown
Lopez Vic 30,1956-01-30,1968-01-30,Unknown
Lopez Vic 31,1956-01-31,1968-01-31,Unknown
Lopez Vic 32,1956-02-01,1968-02-01,Unknown
Lopez Vic 33,1956-02-02,1968-02-02,Unknown
Lopez Vic 34,1956-02-03,1968-02-03,Unknown
Lopez Vic 35,1956-02-04,1968-02-04,Unknown
Lopez Vic 36,1956-02-05,1968-02-05,Unknown
Lopez Vic 37,1956-02-06,1968-02-06,Unknown
Lopez Vic 38,1956-02-07,1968-02-07,Unknown
Lopez Vic 39,1956-02-08,1968-02-08,Unknown
Lopez Vic 40,1956-02-09,1968-02-09,Unknown
Lopez Vic 41,1956-02-10,1968-02-10,Unknown
Lopez Vic 42,1956-02-11,1968-02-11,Unknown
Lopez Vic 43,1956-02-12,1968-02-12,Unknown
Lopez Vic 44,1956-02-13,1968-02-13,Unknown
Lopez Vic 45,1956-02-14,1968-02-14,Unknown
Lopez Vic 46,1956-02-15,1968-02-15,Unknown
Lopez Vic 47,1956-02-16,1968-02-16,Unknown
Lopez Vic 48,1956-02-17,1968-02-17,Unknown
Lopez Vic 49,1956-02-18,1968-02-18,Unknown
Lopez Vic 50,1956-02-19,1968-02-19,Unknown
Lopez Vic 51,1956-02-20,1968-02-20,Unknown
Lopez Vic 52,1956-02-21,1968-02-21,Unknown
Lopez Vic 53,1956-02-22,1968-02-22,Unknown
Lopez Vic 54,1956-02-23,1968-02-23,Unknown
Lopez Vic 55,1956-02-24,1968-02-24,Unknown
Lopez Vic 56,1956-02-25,1968-02-25,Unknown
Lopez Vic 57,1956-02-26,1968-02-26,Unknown
Lopez Vic 58,1956-02-27,1968-02-27,Unknown
Lopez Vic 59,1956-02-28,1968-02-28,Unknown
Lopez Vic 60,1956-02-29,1968-02-29,Unknown
Lopez Vic 61,1956-03-01,1968-03-01,Unknown
Lopez Vic 62,1956-03-02,1968-03-02,Unknown
Lopez Vic 63,1956-03-03,1968-03-03,Unknown
Lopez Vic 64,1956-03-04,1968-03-04,Unknown
Lopez Vic 65,1956-03-05,1968-03-05,Unknown
Lopez Vic 66,1956-03-06,1968-03-06,Unknown
Lopez Vic 67,1956-03-07,1968-03-07,Unknown
Lopez Vic 68,1956-03-08,1968-03-08,Unknown
Lopez Vic 69,1956-03-09,1968-03-09,Unknown
Lopez Vic 70,1956-03-10,1968-03-10,Unknown
Lopez Vic 71,1956-03-11,1968-03-11,Unknown
Lopez Vic 72,1956-03-12,1968-03-12,Unknown
Lopez Vic 73,1956-03-13,1968-03-13,Unknown
Lopez Vic 74,1956-03-14,1968-03-14,Unknown
Lopez Vic 75,1956-03-15,1968-03-15,Unknown
Lopez Vic 76,1956-03-16,1968-03-16,Unknown
Lopez Vic 77,1956-03-17,1968-03-17,Unknown
Lopez Vic 78,1956-03-18,1968-03-18,Unknown
Lopez Vic 79,1956-03-19,1968-03-19,Unknown
Lopez Vic 80,1956-03-20,1968-03-20,Unknown
Lopez Vic 81,1956-03-21,1968-03-21,Unknown
Lopez Vic 82,1956-03-22,1968-03-22,Unknown
Lopez Vic 83,1956-03-23,1968-03-23,Unknown
Lopez Vic 84,1956-03-24,1968-03-24,Unknown
Lopez Vic 85,1956-03-25,1968-03-25,Unknown
Lopez Vic 86,1956-03-26,1968-03-26,Unknown
Lopez Vic 87,1956-03-27,1968-03-27,Unknown
Lopez Vic 88,1956-03-28,1968-03-28,Unknown
Lopez Vic 89,1956-03-29,1968-03-29,Unknown
Lopez Vic 90,1956-03-30,1968-03-30,Unknown
Lopez Vic 91,1956-03-31,1968-03-31,Unknown
Lopez Vic 92,1956-04-01,1968-04-01,Unknown
Lopez Vic 93,1956-04-02,1968-04-02,Unknown
Lopez Vic 94,1956-04-03,1968-04-03,Unknown
Lopez Vic 95,1956-04-04,1968-04-04,Unknown
Lopez Vic 96,1956-04-05,1968-04-05,Unknown
Lopez Vic 97,1956-04-06,1968-04-06,Unknown
Lopez Vic 98,1956-04-07,1968-04-07,Unknown
Lopez Vic 99,1956-04-08,1968-04-08,Unknown
Lopez Vic 100,1956-04-09,1968-04-09,Unknown
Lopez Vic 101,1956-04-10,1968-04-10,Unknown
Lopez Vic 102,1956-04-11,1968-04-11,Unknown
Lopez Vic 103,1956-04-12,1968-04-12,Unknown
Lopez Vic 104,1956-04-13,1968-04-13,Unknown
Lopez Vic 105,1956-04-14,1968-04-14,Unknown
Lopez Vic 106,1956-04-15,1968-04-15,Unknown
Lopez Vic 107,1956-04-16,1968-04-16,Unknown
Lopez Vic 108,1956-04-17,1968-04-17,Unknown
Lopez Vic 109,1956-04-18,1968-04-18,Unknown
Lopez Vic 110,1959-01-01,1980-01-01,Unknown
Barbosa Vic 1,1956-01-01,1974-01-01,Unknown
Barbosa Vic 2,1956-01-02,1974-01-02,Unknown
Barbosa Vic 3,1956-01-03,1974-01-03,Unknown
Barbosa Vic 4,1956-01-04,1974-01-04,Unknown
Barbosa Vic 5,1956-01-05,1974-01-05,Unknown
Barbosa Vic 6,1956-01-06,1974-01-06,Unknown
Barbosa Vic 7,1956-01-07,1974-01-07,Unknown
Barbosa Vic 8,1956-01-08,1974-01-08,Unknown
Barbosa Vic 9,1956-01-09,1974-01-09,Unknown
Barbosa Vic 10,1956-01-10,1974-01-10,Unknown
Barbosa Vic 11,1956-01-11,1974-01-11,Unknown
Barbosa Vic 12,1956-01-12,1974-01-12,Unknown
Barbosa Vic 13,1956-01-13,1974-01-13,Unknown
Barbosa Vic 14,1956-01-14,1974-01-14,Unknown
Barbosa Vic 15,1956-01-15,1974-01-15,Unknown
Barbosa Vic 16,1956-01-16,1974-01-16,Unknown
Barbosa Vic 17,1956-01-17,1974-01-17,Unknown
Barbosa Vic 18,1956-01-18,1974-01-18,Unknown
Barbosa Vic 19,1956-01-19,1974-01-19,Unknown
Barbosa Vic 20,1956-01-20,1974-01-20,Unknown
Barbosa Vic 21,1956-01-21,1974-01-21,Unknown
Barbosa Vic 22,1956-01-22,1974-01-22,Unknown
Barbosa Vic 23,1956-01-23,1974-01-23,Unknown
Barbosa Vic 24,1956-01-24,1974-01-24,Unknown
Barbosa Vic 25,1956-01-25,1974-01-25,Unknown
Barbosa Vic 26,1956-01-26,1974-01-26,Unknown
Barbosa Vic 27,1956-01-27,1974-01-27,Unknown
Barbosa Vic 28,1956-01-28,1974-01-28,Unknown
Barbosa Vic 29,1956-01-29,1974-01-29,Unknown
Barbosa Vic 30,1956-01-30,1974-01-30,Unknown
Barbosa Vic 31,1956-01-31,1974-01-31,Unknown
Barbosa Vic 32,1956-02-01,1974-02-01,Unknown
Barbosa Vic 33,1956-02-02,1974-02-02,Unknown
Barbosa Vic 34,1956-02-03,1974-02-03,Unknown
Barbosa Vic 35,1956-02-04,1974-02-04,Unknown
Barbosa Vic 36,1956-02-05,1974-02-05,Unknown
Barbosa Vic 37,1956-02-06,1974-02-06,Unknown
Barbosa Vic 38,1956-02-07,1974-02-07,Unknown
Barbosa Vic 39,1956-02-08,1974-02-08,Unknown
Barbosa Vic 40,1956-02-09,1974-02-09,Unknown
Barbosa Vic 41,1956-02-10,1974-02-10,Unknown
Barbosa Vic 42,1956-02-11,1974-02-11,Unknown
Barbosa Vic 43,1956-02-12,1974-02-12,Unknown
Barbosa Vic 44,1956-02-13,1974-02-13,Unknown
Barbosa Vic 45,1956-02-14,1974-02-14,Unknown
Barbosa Vic 46,1956-02-15,1974-02-15,Unknown
Barbosa Vic 47,1956-02-16,1974-02-16,Unknown
Barbosa Vic 48,1956-02-17,1974-02-17,Unknown
Barbosa Vic 49,1956-02-18,1974-02-18,Unknown
Barbosa Vic 50,1956-02-19,1974-02-19,Unknown
Barbosa Vic 51,1956-02-20,1974-02-20,Unknown
Barbosa Vic 52,1956-02-21,1974-02-21,Unknown
Barbosa Vic 53,1956-02-22,1974-02-22,Unknown
Barbosa Vic 54,1956-02-23,1974-02-23,Unknown
Barbosa Vic 55,1956-02-24,1974-02-24,Unknown
Barbosa Vic 56,1956-02-25,1974-02-25,Unknown
Barbosa Vic 57,1956-02-26,1974-02-26,Unknown
Barbosa Vic 58,1956-02-27,1974-02-27,Unknown
Barbosa Vic 59,1956-02-28,1974-02-28,Unknown
Barbosa Vic 60,1956-02-29,1974-03-01,Unknown
Barbosa Vic 61,1956-03-01,1974-03-02,Unknown
Barbosa Vic 62,1956-03-02,1974-03-03,Unknown
Barbosa Vic 63,1956-03-03,1974-03-04,Unknown
Barbosa Vic 64,1956-03-04,1974-03-05,Unknown
Barbosa Vic 65,1956-03-05,1974-03-06,Unknown
Barbosa Vic 66,1956-03-06,1974-03-07,Unknown
Barbosa Vic 67,1956-03-07,1974-03-08,Unknown
Barbosa Vic 68,1956-03-08,1974-03-09,Unknown
Barbosa Vic 69,1956-03-09,1974-03-10,Unknown
Barbosa Vic 70,1956-03-10,1974-03-11,Unknown
Barbosa Vic 71,1956-03-11,1974-03-12,Unknown
Barbosa Vic 72,1961-01-01,1986-01-01,Unknown
Filho Vic 1,1954-01-01,1968-01-01,Unknown
Filho Vic 2,1954-01-02,1968-01-02,Unknown
Filho Vic 3,1954-01-03,1968-01-03,Unknown
Filho Vic 4,1954-01-04,1968-01-04,Unknown
Filho Vic 5,1954-01-05,1968-01-05,Unknown
Filho Vic 6,1954-01-06,1968-01-06,Unknown
Filho Vic 7,1954-01-07,1968-01-07,Unknown
Filho Vic 8,1954-01-08,1968-01-08,Unknown
Filho Vic 9,1954-01-09,1968-01-09,Unknown
Filho Vic 10,1954-01-10,1968-01-10,Unknown
Filho Vic 11,1954-01-11,1968-01-11,Unknown
Filho Vic 12,1954-01-12,1968-01-12,Unknown
Filho Vic 13,1954-01-13,1968-01-13,Unknown
Filho Vic 14,1954-01-14,1968-01-14,Unknown
Filho Vic 15,1954-01-15,1968-01-15,Unknown
Filho Vic 16,1954-01-16,1968-01-16,Unknown
Filho Vic 17,1954-01-17,1968-01-17,Unknown
Filho Vic 18,1954-01-18,1968-01-18,Unknown
Filho Vic 19,1954-01-19,1968-01-19,Unknown
Filho Vic 20,1954-01-20,1968-01-20,Unknown
Filho Vic 21,1954-01-21,1968-01-21,Unknown
Filho Vic 22,1954-01-22,1968-01-22,Unknown
Filho Vic 23,1954-01-23,1968-01-23,Unknown
Filho Vic 24,1954-01-24,1968-01-24,Unknown
Filho Vic 25,1954-01-25,1968-01-25,Unknown
Filho Vic 26,1954-01-26,1968-01-26,Unknown
Filho Vic 27,1954-01-27,1968-01-27,Unknown
Filho Vic 28,1954-01-28,1968-01-28,Unknown
Filho Vic 29,1954-01-29,1968-01-29,Unknown
Filho Vic 30,1954-01-30,1968-01-30,Unknown
Filho Vic 31,1954-01-31,1968-01-31,Unknown
Filho Vic 32,1954-02-01,1968-02-01,Unknown
Filho Vic 33,1954-02-02,1968-02-02,Unknown
Filho Vic 34,1954-02-03,1968-02-03,Unknown
Filho Vic 35,1954-02-04,1968-02-04,Unknown
Filho Vic 36,1954-02-05,1968-02-05,Unknown
Filho Vic 37,1954-02-06,1968-02-06,Unknown
Filho Vic 38,1954-02-07,1968-02-07,Unknown
Filho Vic 39,1954-02-08,1968-02-08,Unknown
Filho Vic 40,1954-02-09,1968-02-09,Unknown
Filho Vic 41,1954-02-10,1968-02-10,Unknown
Filho Vic 42,1954-02-11,1968-02-11,Unknown
Filho Vic 43,1954-02-12,1968-02-12,Unknown
Filho Vic 44,1954-02-13,1968-02-13,Unknown
Filho Vic 45,1954-02-14,1968-02-14,Unknown
Filho Vic 46,1954-02-15,1968-02-15,Unknown
Filho Vic 47,1954-02-16,1968-02-16,Unknown
Filho Vic 48,1954-02-17,1968-02-17,Unknown
Filho Vic 49,1954-02-18,1968-02-18,Unknown
Filho Vic 50,1954-02-19,1968-02-19,Unknown
Filho Vic 51,1954-02-20,1968-02-20,Unknown
Filho Vic 52,1954-02-21,1968-02-21,Unknown
Filho Vic 53,1954-02-22,1968-02-22,Unknown
Filho Vic 54,1954-02-23,1968-02-23,Unknown
Filho Vic 55,1954-02-24,1968-02-24,Unknown
Filho Vic 56,1954-02-25,1968-02-25,Unknown
Filho Vic 57,1954-02-26,1968-02-26,Unknown
Filho Vic 58,1954-02-27,1968-02-27,Unknown
Filho Vic 59,1954-02-28,1968-02-28,Unknown
Filho Vic 60,1954-03-01,1968-02-29,Unknown
Filho Vic 61,1954-03-02,1968-03-01,Unknown
Filho Vic 62,1954-03-03,1968-03-02,Unknown
Filho Vic 63,1954-03-04,1968-03-03,Unknown
Filho Vic 64,1954-03-05,1968-03-04,Unknown
Filho Vic 65,1954-03-06,1968-03-05,Unknown
Filho Vic 66,1954-03-07,1968-03-06,Unknown
Filho Vic 67,1954-03-08,1968-03-07,Unknown
Filho Vic 68,1954-03-09,1968-03-08,Unknown
Filho Vic 69,1954-03-10,1968-03-09,Unknown
Filho Vic 70,1954-03-11,1968-03-10,Unknown
Filho Vic 71,1954-03-12,1974-01-01,Unknown
Xinhai Vic 1,1950-01-01,1999-01-01,Hacked
Xinhai Vic 2,1950-01-02,1999-01-02,Hacked
Xinhai Vic 3,1950-01-03,1999-01-03,Hacked
Xinhai Vic 4,1950-01-04,1999-01-04,Hacked
Xinhai Vic 5,1950-01-05,1999-01-05,Hacked
Xinhai Vic 6,1950-01-06,1999-01-06,Hacked
Xinhai Vic 7,1950-01-07,1999-01-07,Hacked
Xinhai Vic 8,1950-01-08,1999-01-08,Hacked
Xinhai Vic 9,1950-01-09,1999-01-09,Hacked
Xinhai Vic 10,1950-01-10,1999-01-10,Hacked
Xinhai Vic 11,1950-01-11,1999-01-11,Hacked
Xinhai Vic 12,1950-01-12,1999-01-12,Hacked
Xinhai Vic 13,1950-01-13,1999-01-13,Hacked
Xinhai Vic 14,1950-01-14,1999-01-14,Hacked
Xinhai Vic 15,1950-01-15,1999-01-15,Hacked
Xinhai Vic 16,1950-01-16,1999-01-16,Hacked
Xinhai Vic 17,1950-01-17,1999-01-17,Hacked
Xinhai Vic 18,1950-01-18,1999-01-18,Hacked
Xinhai Vic 19,1950-01-19,1999-01-19,Hacked
Xinhai Vic 20,1950-01-20,1999-01-20,Hacked
Xinhai Vic 21,1950-01-21,1999-01-21,Hacked
Xinhai Vic 22,1950-01-22,1999-01-22,Hacked
Xinhai Vic 23,1950-01-23,1999-01-23,Hacked
Xinhai Vic 24,1950-01-24,1999-01-24,Hacked
Xinhai Vic 25,1950-01-25,1999-01-25,Hacked
Xinhai Vic 26,1950-01-26,1999-01-26,Hacked
Xinhai Vic 27,1950-01-27,1999-01-27,Hacked
Xinhai Vic 28,1950-01-28,1999-01-28,Hacked
Xinhai Vic 29,1950-01-29,1999-01-29,Hacked
Xinhai Vic 30,1950-01-30,1999-01-30,Hacked
Xinhai Vic 31,1950-01-31,1999-01-31,Hacked
Xinhai Vic 32,1950-02-01,1999-02-01,Hacked
Xinhai Vic 33,1950-02-02,1999-02-02,Hacked
Xinhai Vic 34,1950-02-03,1999-02-03,Hacked
Xinhai Vic 35,1950-02-04,1999-02-04,Hacked
Xinhai Vic 36,1950-02-05,1999-02-05,Hacked
Xinhai Vic 37,1950-02-06,1999-02-06,Hacked
Xinhai Vic 38,1950-02-07,1999-02-07,Hacked
Xinhai Vic 39,1950-02-08,1999-02-08,Hacked
Xinhai Vic 40,1950-02-09,1999-02-09,Hacked
Xinhai Vic 41,1950-02-10,1999-02-10,Hacked
Xinhai Vic 42,1950-02-11,1999-02-11,Hacked
Xinhai Vic 43,1950-02-12,1999-02-12,Hacked
Xinhai Vic 44,1950-02-13,1999-02-13,Hacked
Xinhai Vic 45,1950-02-14,1999-02-14,Hacked
Xinhai Vic 46,1950-02-15,1999-02-15,Hacked
Xinhai Vic 47,1950-02-16,1999-02-16,Hacked
Xinhai Vic 48,1950-02-17,1999-02-17,Hacked
Xinhai Vic 49,1950-02-18,1999-02-18,Hacked
Xinhai Vic 50,1950-02-19,1999-02-19,Hacked
Xinhai Vic 51,1950-02-20,1999-02-20,Hacked
Xinhai Vic 52,1950-02-21,1999-02-21,Hacked
Xinhai Vic 53,1950-02-22,1999-02-22,Hacked
Xinhai Vic 54,1950-02-23,1999-02-23,Hacked
Xinhai Vic 55,1950-02-24,1999-02-24,Hacked
Xinhai Vic 56,1950-02-25,1999-02-25,Hacked
Xinhai Vic 57,1950-02-26,1999-02-26,Hacked
Xinhai Vic 58,1950-02-27,1999-02-27,Hacked
Xinhai Vic 59,1950-02-28,1999-02-28,Hacked
Xinhai Vic 60,1950-03-01,1999-03-01,Hacked
Xinhai Vic 61,1950-03-02,1999-03-02,Hacked
Xinhai Vic 62,1950-03-03,1999-03-03,Hacked
Xinhai Vic 63,1950-03-04,1999-03-04,Hacked
Xinhai Vic 64,1950-03-05,1999-03-05,Hacked
Xinhai Vic 65,1950-03-06,1999-03-06,Hacked
Xinhai Vic 66,1950-03-07,1999-03-07,Hacked
Xinhai Vic 67,1950-03-08,2003-01-01,Hacked
Yelena Zakotnova,1969-01-01,1978-09-01,Stabbed
Chikatilo Vic 2,1969-01-02,1978-09-02,Stabbed
Chikatilo Vic 3,1969-01-03,1978-09-03,Stabbed
Chikatilo Vic 4,1969-01-04,1978-09-04,Stabbed
Chikatilo Vic 5,1969-01-05,1978-09-05,Stabbed
Chikatilo Vic 6,1969-01-06,1978-09-06,Stabbed
Chikatilo Vic 7,1969-01-07,1978-09-07,Stabbed
Chikatilo Vic 8,1969-01-08,1978-09-08,Stabbed
Chikatilo Vic 9,1969-01-09,1978-09-09,Stabbed
Chikatilo Vic 10,1969-01-10,1978-09-10,Stabbed
Chikatilo Vic 11,1969-01-11,1978-09-11,Stabbed
Chikatilo Vic 12,1969-01-12,1978-09-12,Stabbed
Chikatilo Vic 13,1969-01-13,1978-09-13,Stabbed
Chikatilo Vic 14,1969-01-14,1978-09-14,Stabbed
Chikatilo Vic 15,1969-01-15,1978-09-15,Stabbed
Chikatilo Vic 16,1969-01-16,1978-09-16,Stabbed
Chikatilo Vic 17,1969-01-17,1978-09-17,Stabbed
Chikatilo Vic 18,1969-01-18,1978-09-18,Stabbed
Chikatilo Vic 19,1969-01-19,1978-09-19,Stabbed
Chikatilo Vic 20,1969-01-20,1978-09-20,Stabbed
Chikatilo Vic 21,1969-01-21,1978-09-21,Stabbed
Chikatilo Vic 22,1969-01-22,1978-09-22,Stabbed
Chikatilo Vic 23,1969-01-23,1978-09-23,Stabbed
Chikatilo Vic 24,1969-01-24,1978-09-24,Stabbed
Chikatilo Vic 25,1969-01-25,1978-09-25,Stabbed
Chikatilo Vic 26,1969-01-26,1978-09-26,Stabbed
Chikatilo Vic 27,1969-01-27,1978-09-27,Stabbed
Chikatilo Vic 28,1969-01-28,1978-09-28,Stabbed
Chikatilo Vic 29,1969-01-29,1978-09-29,Stabbed
Chikatilo Vic 30,1969-01-30,1978-09-30,Stabbed
Chikatilo Vic 31,1969-01-31,1978-10-01,Stabbed
Chikatilo Vic 32,1969-02-01,1978-10-02,Stabbed
Chikatilo Vic 33,1969-02-02,1978-10-03,Stabbed
Chikatilo Vic 34,1969-02-03,1978-10-04,Stabbed
Chikatilo Vic 35,1969-02-04,1978-10-05,Stabbed
Chikatilo Vic 36,1969-02-05,1978-10-06,Stabbed
Chikatilo Vic 37,1969-02-06,1978-10-07,Stabbed
Chikatilo Vic 38,1969-02-07,1978-10-08,Stabbed
Chikatilo Vic 39,1969-02-08,1978-10-09,Stabbed
Chikatilo Vic 40,1969-02-09,1978-10-10,Stabbed
Chikatilo Vic 41,1969-02-10,1978-10-11,Stabbed
Chikatilo Vic 42,1969-02-11,1978-10-12,Stabbed
Chikatilo Vic 43,1969-02-12,1978-10-13,Stabbed
Chikatilo Vic 44,1969-02-13,1978-10-14,Stabbed
Chikatilo Vic 45,1969-02-14,1978-10-15,Stabbed
Chikatilo Vic 46,1969-02-15,1978-10-16,Stabbed
Chikatilo Vic 47,1969-02-16,1978-10-17,Stabbed
Chikatilo Vic 48,1969-02-17,1978-10-18,Stabbed
Chikatilo Vic 49,1969-02-18,1978-10-19,Stabbed
Chikatilo Vic 50,1969-02-19,1978-10-20,Stabbed
Chikatilo Vic 51,1969-02-20,1978-10-21,Stabbed
Chikatilo Vic 52,1969-02-21,1990-11-01,Stabbed
Onoprienko Vic 1,1969-01-01,1989-01-01,Gunshot
Onoprienko Vic 2,1969-01-02,1989-01-02,Gunshot
Onoprienko Vic 3,1969-01-03,1989-01-03,Gunshot
Onoprienko Vic 4,1969-01-04,1989-01-04,Gunshot
Onoprienko Vic 5,1969-01-05,1989-01-05,Gunshot
Onoprienko Vic 6,1969-01-06,1989-01-06,Gunshot
Onoprienko Vic 7,1969-01-07,1989-01-07,Gunshot
Onoprienko Vic 8,1969-01-08,1989-01-08,Gunshot
Onoprienko Vic 9,1969-01-09,1989-01-09,Gunshot
Onoprienko Vic 10,1969-01-10,1989-01-10,Gunshot
Onoprienko Vic 11,1969-01-11,1989-01-11,Gunshot
Onoprienko Vic 12,1969-01-12,1989-01-12,Gunshot
Onoprienko Vic 13,1969-01-13,1989-01-13,Gunshot
Onoprienko Vic 14,1969-01-14,1989-01-14,Gunshot
Onoprienko Vic 15,1969-01-15,1989-01-15,Gunshot
Onoprienko Vic 16,1969-01-16,1989-01-16,Gunshot
Onoprienko Vic 17,1969-01-17,1989-01-17,Gunshot
Onoprienko Vic 18,1969-01-18,1989-01-18,Gunshot
Onoprienko Vic 19,1969-01-19,1989-01-19,Gunshot
Onoprienko Vic 20,1969-01-20,1989-01-20,Gunshot
Onoprienko Vic 21,1969-01-21,1989-01-21,Gunshot
Onoprienko Vic 22,1969-01-22,1989-01-22,Gunshot
Onoprienko Vic 23,1969-01-23,1989-01-23,Gunshot
Onoprienko Vic 24,1969-01-24,1989-01-24,Gunshot
Onoprienko Vic 25,1969-01-25,1989-01-25,Gunshot
Onoprienko Vic 26,1969-01-26,1989-01-26,Gunshot
Onoprienko Vic 27,1969-01-27,1989-01-27,Gunshot
Onoprienko Vic 28,1969-01-28,1989-01-28,Gunshot
Onoprienko Vic 29,1969-01-29,1989-01-29,Gunshot
Onoprienko Vic 30,1969-01-30,1989-01-30,Gunshot
Onoprienko Vic 31,1969-01-31,1989-01-31,Gunshot
Onoprienko Vic 32,1969-02-01,1989-02-01,Gunshot
Onoprienko Vic 33,1969-02-02,1989-02-02,Gunshot
Onoprienko Vic 34,1969-02-03,1989-02-03,Gunshot
Onoprienko Vic 35,1969-02-04,1989-02-04,Gunshot
Onoprienko Vic 36,1969-02-05,1989-02-05,Gunshot
Onoprienko Vic 37,1969-02-06,1989-02-06,Gunshot
Onoprienko Vic 38,1969-02-07,1989-02-07,Gunshot
Onoprienko Vic 39,1969-02-08,1989-02-08,Gunshot
Onoprienko Vic 40,1969-02-09,1989-02-09,Gunshot
Onoprienko Vic 41,1969-02-10,1989-02-10,Gunshot
Onoprienko Vic 42,1969-02-11,1989-02-11,Gunshot
Onoprienko Vic 43,1969-02-12,1989-02-12,Gunshot
Onoprienko Vic 44,1969-02-13,1989-02-13,Gunshot
Onoprienko Vic 45,1969-02-14,1989-02-14,Gunshot
Onoprienko Vic 46,1969-02-15,1989-02-15,Gunshot
Onoprienko Vic 47,1969-02-16,1989-02-16,Gunshot
Onoprienko Vic 48,1969-02-17,1989-02-17,Gunshot
Onoprienko Vic 49,1969-02-18,1996-01-01,Gunshot
Ridgway Vic 1,1964-01-01,1982-01-01,Strangled
Ridgway Vic 2,1964-01-02,1982-01-02,Strangled
Ridgway Vic 3,1964-01-03,1982-01-03,Strangled
Ridgway Vic 4,1964-01-04,1982-01-04,Strangled
Ridgway Vic 5,1964-01-05,1982-01-05,Strangled
Ridgway Vic 6,1964-01-06,1982-01-06,Strangled
Ridgway Vic 7,1964-01-07,1982-01-07,Strangled
Ridgway Vic 8,1964-01-08,1982-01-08,Strangled
Ridgway Vic 9,1964-01-09,1982-01-09,Strangled
Ridgway Vic 10,1964-01-10,1982-01-10,Strangled
Ridgway Vic 11,1964-01-11,1982-01-11,Strangled
Ridgway Vic 12,1964-01-12,1982-01-12,Strangled
Ridgway Vic 13,1964-01-13,1982-01-13,Strangled
Ridgway Vic 14,1964-01-14,1982-01-14,Strangled
Ridgway Vic 15,1964-01-15,1982-01-15,Strangled
Ridgway Vic 16,1964-01-16,1982-01-16,Strangled
Ridgway Vic 17,1964-01-17,1982-01-17,Strangled
Ridgway Vic 18,1964-01-18,1982-01-18,Strangled
Ridgway Vic 19,1964-01-19,1982-01-19,Strangled
Ridgway Vic 20,1964-01-20,1982-01-20,Strangled
Ridgway Vic 21,1964-01-21,1982-01-21,Strangled
Ridgway Vic 22,1964-01-22,1982-01-22,Strangled
Ridgway Vic 23,1964-01-23,1982-01-23,Strangled
Ridgway Vic 24,1964-01-24,1982-01-24,Strangled
Ridgway Vic 25,1964-01-25,1982-01-25,Strangled
Ridgway Vic 26,1964-01-26,1982-01-26,Strangled
Ridgway Vic 27,1964-01-27,1982-01-27,Strangled
Ridgway Vic 28,1964-01-28,1982-01-28,Strangled
Ridgway Vic 29,1964-01-29,1982-01-29,Strangled
Ridgway Vic 30,1964-01-30,1982-01-30,Strangled
Ridgway Vic 31,1964-01-31,1982-01-31,Strangled
Ridgway Vic 32,1964-02-01,1982-02-01,Strangled
Ridgway Vic 33,1964-02-02,1982-02-02,Strangled
Ridgway Vic 34,1964-02-03,1982-02-03,Strangled
Ridgway Vic 35,1964-02-04,1982-02-04,Strangled
Ridgway Vic 36,1964-02-05,1982-02-05,Strangled
Ridgway Vic 37,1964-02-06,1982-02-06,Strangled
Ridgway Vic 38,1964-02-07,1982-02-07,Strangled
Ridgway Vic 39,1964-02-08,1982-02-08,Strangled
Ridgway Vic 40,1964-02-09,1982-02-09,Strangled
Ridgway Vic 41,1964-02-10,1982-02-10,Strangled
Ridgway Vic 42,1964-02-11,1982-02-11,Strangled
Ridgway Vic 43,1964-02-12,1982-02-12,Strangled
Ridgway Vic 44,1964-02-13,1982-02-13,Strangled
Ridgway Vic 45,1964-02-14,1982-02-14,Strangled
Ridgway Vic 46,1964-02-15,1982-02-15,Strangled
Ridgway Vic 47,1964-02-16,1982-02-16,Strangled
Ridgway Vic 48,1964-02-17,1982-02-17,Strangled
Ridgway Vic 49,1964-02-18,1998-01-01,Strangled
Pichushkin Vic 1,1957-01-01,1992-01-01,Bludgeoned
Pichushkin Vic 2,1957-01-02,1992-01-02,Bludgeoned
Pichushkin Vic 3,1957-01-03,1992-01-03,Bludgeoned
Pichushkin Vic 4,1957-01-04,1992-01-04,Bludgeoned
Pichushkin Vic 5,1957-01-05,1992-01-05,Bludgeoned
Pichushkin Vic 6,1957-01-06,1992-01-06,Bludgeoned
Pichushkin Vic 7,1957-01-07,1992-01-07,Bludgeoned
Pichushkin Vic 8,1957-01-08,1992-01-08,Bludgeoned
Pichushkin Vic 9,1957-01-09,1992-01-09,Bludgeoned
Pichushkin Vic 10,1957-01-10,1992-01-10,Bludgeoned
Pichushkin Vic 11,1957-01-11,1992-01-11,Bludgeoned
Pichushkin Vic 12,1957-01-12,1992-01-12,Bludgeoned
Pichushkin Vic 13,1957-01-13,1992-01-13,Bludgeoned
Pichushkin Vic 14,1957-01-14,1992-01-14,Bludgeoned
Pichushkin Vic 15,1957-01-15,1992-01-15,Bludgeoned
Pichushkin Vic 16,1957-01-16,1992-01-16,Bludgeoned
Pichushkin Vic 17,1957-01-17,1992-01-17,Bludgeoned
Pichushkin Vic 18,1957-01-18,1992-01-18,Bludgeoned
Pichushkin Vic 19,1957-01-19,1992-01-19,Bludgeoned
Pichushkin Vic 20,1957-01-20,1992-01-20,Bludgeoned
Pichushkin Vic 21,1957-01-21,1992-01-21,Bludgeoned
Pichushkin Vic 22,1957-01-22,1992-01-22,Bludgeoned
Pichushkin Vic 23,1957-01-23,1992-01-23,Bludgeoned
Pichushkin Vic 24,1957-01-24,1992-01-24,Bludgeoned
Pichushkin Vic 25,1957-01-25,1992-01-25,Bludgeoned
Pichushkin Vic 26,1957-01-26,1992-01-26,Bludgeoned
Pichushkin Vic 27,1957-01-27,1992-01-27,Bludgeoned
Pichushkin Vic 28,1957-01-28,1992-01-28,Bludgeoned
Pichushkin Vic 29,1957-01-29,1992-01-29,Bludgeoned
Pichushkin Vic 30,1957-01-30,1992-01-30,Bludgeoned
Pichushkin Vic 31,1957-01-31,1992-01-31,Bludgeoned
Pichushkin Vic 32,1957-02-01,1992-02-01,Bludgeoned
Pichushkin Vic 33,1957-02-02,1992-02-02,Bludgeoned
Pichushkin Vic 34,1957-02-03,1992-02-03,Bludgeoned
Pichushkin Vic 35,1957-02-04,1992-02-04,Bludgeoned
Pichushkin Vic 36,1957-02-05,1992-02-05,Bludgeoned
Pichushkin Vic 37,1957-02-06,1992-02-06,Bludgeoned
Pichushkin Vic 38,1957-02-07,1992-02-07,Bludgeoned
Pichushkin Vic 39,1957-02-08,1992-02-08,Bludgeoned
Pichushkin Vic 40,1957-02-09,1992-02-09,Bludgeoned
Pichushkin Vic 41,1957-02-10,1992-02-10,Bludgeoned
Pichushkin Vic 42,1957-02-11,1992-02-11,Bludgeoned
Pichushkin Vic 43,1957-02-12,1992-02-12,Bludgeoned
Pichushkin Vic 44,1957-02-13,1992-02-13,Bludgeoned
Pichushkin Vic 45,1957-02-14,1992-02-14,Bludgeoned
Pichushkin Vic 46,1957-02-15,1992-02-15,Bludgeoned
Pichushkin Vic 47,1957-02-16,1992-02-16,Bludgeoned
Pichushkin Vic 48,1957-02-17,1992-02-17,Bludgeoned
Pichushkin Vic 49,1957-02-18,2006-06-14,Bludgeoned
Qiang Vic 1,1979-01-01,1995-01-22,Unknown
Qiang Vic 2,1979-01-02,1995-01-23,Unknown
Qiang Vic 3,1979-01-03,1995-01-24,Unknown
Qiang Vic 4,1979-01-04,1995-01-25,Unknown
Qiang Vic 5,1979-01-05,1995-01-26,Unknown
Qiang Vic 6,1979-01-06,1995-01-27,Unknown
Qiang Vic 7,1979-01-07,1995-01-28,Unknown
Qiang Vic 8,1979-01-08,1995-01-29,Unknown
Qiang Vic 9,1979-01-09,1995-01-30,Unknown
Qiang Vic 10,1979-01-10,1995-01-31,Unknown
Qiang Vic 11,1979-01-11,1995-02-01,Unknown
Qiang Vic 12,1979-01-12,1995-02-02,Unknown
Qiang Vic 13,1979-01-13,1995-02-03,Unknown
Qiang Vic 14,1979-01-14,1995-02-04,Unknown
Qiang Vic 15,1979-01-15,1995-02-05,Unknown
Qiang Vic 16,1979-01-16,1995-02-06,Unknown
Qiang Vic 17,1979-01-17,1995-02-07,Unknown
Qiang Vic 18,1979-01-18,1995-02-08,Unknown
Qiang Vic 19,1979-01-19,1995-02-09,Unknown
Qiang Vic 20,1979-01-20,1995-02-10,Unknown
Qiang Vic 21,1979-01-21,1995-02-11,Unknown
Qiang Vic 22,1979-01-22,1995-02-12,Unknown
Qiang Vic 23,1979-01-23,1995-02-13,Unknown
Qiang Vic 24,1979-01-24,1995-02-14,Unknown
Qiang Vic 25,1979-01-25,1995-02-15,Unknown
Qiang Vic 26,1979-01-26,1995-02-16,Unknown
Qiang Vic 27,1979-01-27,1995-02-17,Unknown
Qiang Vic 28,1979-01-28,1995-02-18,Unknown
Qiang Vic 29,1979-01-29,1995-02-19,Unknown
Qiang Vic 30,1979-01-30,1995-02-20,Unknown
Qiang Vic 31,1979-01-31,1995-02-21,Unknown
Qiang Vic 32,1979-02-01,1995-02-22,Unknown
Qiang Vic 33,1979-02-02,1995-02-23,Unknown
Qiang Vic 34,1979-02-03,1995-02-24,Unknown
Qiang Vic 35,1979-02-04,1995-02-25,Unknown
Qiang Vic 36,1979-02-05,1995-02-26,Unknown
Qiang Vic 37,1979-02-06,1995-02-27,Unknown
Qiang Vic 38,1979-02-07,1995-02-28,Unknown
Qiang Vic 39,1979-02-08,1995-03-01,Unknown
Qiang Vic 40,1979-02-09,1995-03-02,Unknown
Qiang Vic 41,1979-02-10,1995-03-03,Unknown
Qiang Vic 42,1979-02-11,1995-03-04,Unknown
Qiang Vic 43,1979-02-12,1995-03-05,Unknown
Qiang Vic 44,1979-02-13,1995-03-06,Unknown
Qiang Vic 45,1979-02-14,2003-01-01,Unknown
Suradji Vic 1,1956-01-01,1986-01-01,Strangled
Suradji Vic 2,1956-01-02,1986-01-02,Strangled
Suradji Vic 3,1956-01-03,1986-01-03,Strangled
Suradji Vic 4,1956-01-04,1986-01-04,Strangled
Suradji Vic 5,1956-01-05,1986-01-05,Strangled
Suradji Vic 6,1956-01-06,1986-01-06,Strangled
Suradji Vic 7,1956-01-07,1986-01-07,Strangled
Suradji Vic 8,1956-01-08,1986-01-08,Strangled
Suradji Vic 9,1956-01-09,1986-01-09,Strangled
Suradji Vic 10,1956-01-10,1986-01-10,Strangled
Suradji Vic 11,1956-01-11,1986-01-11,Strangled
Suradji Vic 12,1956-01-12,1986-01-12,Strangled
Suradji Vic 13,1956-01-13,1986-01-13,Strangled
Suradji Vic 14,1956-01-14,1986-01-14,Strangled
Suradji Vic 15,1956-01-15,1986-01-15,Strangled
Suradji Vic 16,1956-01-16,1986-01-16,Strangled
Suradji Vic 17,1956-01-17,1986-01-17,Strangled
Suradji Vic 18,1956-01-18,1986-01-18,Strangled
Suradji Vic 19,1956-01-19,1986-01-19,Strangled
Suradji Vic 20,1956-01-20,1986-01-20,Strangled
Suradji Vic 21,1956-01-21,1986-01-21,Strangled
Suradji Vic 22,1956-01-22,1986-01-22,Strangled
Suradji Vic 23,1956-01-23,1986-01-23,Strangled
Suradji Vic 24,1956-01-24,1986-01-24,Strangled
Suradji Vic 25,1956-01-25,1986-01-25,Strangled
Suradji Vic 26,1956-01-26,1986-01-26,Strangled
Suradji Vic 27,1956-01-27,1986-01-27,Strangled
Suradji Vic 28,1956-01-28,1986-01-28,Strangled
Suradji Vic 29,1956-01-29,1986-01-29,Strangled
Suradji Vic 30,1956-01-30,1986-01-30,Strangled
Suradji Vic 31,1956-01-31,1986-01-31,Strangled
Suradji Vic 32,1956-02-01,1986-02-01,Strangled
Suradji Vic 33,1956-02-02,1986-02-02,Strangled
Suradji Vic 34,1956-02-03,1986-02-03,Strangled
Suradji Vic 35,1956-02-04,1986-02-04,Strangled
Suradji Vic 36,1956-02-05,1986-02-05,Strangled
Suradji Vic 37,1956-02-06,1986-02-06,Strangled
Suradji Vic 38,1956-02-07,1986-02-07,Strangled
Suradji Vic 39,1956-02-08,1986-02-08,Strangled
Suradji Vic 40,1956-02-09,1986-02-09,Strangled
Suradji Vic 41,1956-02-10,1986-02-10,Strangled
Suradji Vic 42,1975-01-01,1997-01-01,Strangled
Sithole Vic 1,1974-01-01,1994-01-01,Strangled
Sithole Vic 2,1974-01-02,1994-01-02,Strangled
Sithole Vic 3,1974-01-03,1994-01-03,Strangled
Sithole Vic 4,1974-01-04,1994-01-04,Strangled
Sithole Vic 5,1974-01-05,1994-01-05,Strangled
Sithole Vic 6,1974-01-06,1994-01-06,Strangled
Sithole Vic 7,1974-01-07,1994-01-07,Strangled
Sithole Vic 8,1974-01-08,1994-01-08,Strangled
Sithole Vic 9,1974-01-09,1994-01-09,Strangled
Sithole Vic 10,1974-01-10,1994-01-10,Strangled
Sithole Vic 11,1974-01-11,1994-01-11,Strangled
Sithole Vic 12,1974-01-12,1994-01-12,Strangled
Sithole Vic 13,1974-01-13,1994-01-13,Strangled
Sithole Vic 14,1974-01-14,1994-01-14,Strangled
Sithole Vic 15,1974-01-15,1994-01-15,Strangled
Sithole Vic 16,1974-01-16,1994-01-16,Strangled
Sithole Vic 17,1974-01-17,1994-01-17,Strangled
Sithole Vic 18,1974-01-18,1994-01-18,Strangled
Sithole Vic 19,1974-01-19,1994-01-19,Strangled
Sithole Vic 20,1974-01-20,1994-01-20,Strangled
Sithole Vic 21,1974-01-21,1994-01-21,Strangled
Sithole Vic 22,1974-01-22,1994-01-22,Strangled
Sithole Vic 23,1974-01-23,1994-01-23,Strangled
Sithole Vic 24,1974-01-24,1994-01-24,Strangled
Sithole Vic 25,1974-01-25,1994-01-25,Strangled
Sithole Vic 26,1974-01-26,1994-01-26,Strangled
Sithole Vic 27,1974-01-27,1994-01-27,Strangled
Sithole Vic 28,1974-01-28,1994-01-28,Strangled
Sithole Vic 29,1974-01-29,1994-01-29,Strangled
Sithole Vic 30,1974-01-30,1994-01-30,Strangled
Sithole Vic 31,1974-01-31,1994-01-31,Strangled
Sithole Vic 32,1974-02-01,1994-02-01,Strangled
Sithole Vic 33,1974-02-02,1994-02-02,Strangled
Sithole Vic 34,1974-02-03,1994-02-03,Strangled
Sithole Vic 35,1974-02-04,1994-02-04,Strangled
Sithole Vic 36,1974-02-05,1994-02-05,Strangled
Sithole Vic 37,1974-02-06,1995-01-01,Strangled
Tkach Vic 1,1950-01-01,1980-01-01,Suffocated
Tkach Vic 2,1950-01-02,1980-01-02,Suffocated
Tkach Vic 3,1950-01-03,1980-01-03,Suffocated
Tkach Vic 4,1950-01-04,1980-01-04,Suffocated
Tkach Vic 5,1950-01-05,1980-01-05,Suffocated
Tkach Vic 6,1950-01-06,1980-01-06,Suffocated
Tkach Vic 7,1950-01-07,1980-01-07,Suffocated
Tkach Vic 8,1950-01-08,1980-01-08,Suffocated
Tkach Vic 9,1950-01-09,1980-01-09,Suffocated
Tkach Vic 10,1950-01-10,1980-01-10,Suffocated
Tkach Vic 11,1950-01-11,1980-01-11,Suffocated
Tkach Vic 12,1950-01-12,1980-01-12,Suffocated
Tkach Vic 13,1950-01-13,1980-01-13,Suffocated
Tkach Vic 14,1950-01-14,1980-01-14,Suffocated
Tkach Vic 15,1950-01-15,1980-01-15,Suffocated
Tkach Vic 16,1950-01-16,1980-01-16,Suffocated
Tkach Vic 17,1950-01-17,1980-01-17,Suffocated
Tkach Vic 18,1950-01-18,1980-01-18,Suffocated
Tkach Vic 19,1950-01-19,1980-01-19,Suffocated
Tkach Vic 20,1950-01-20,1980-01-20,Suffocated
Tkach Vic 21,1950-01-21,1980-01-21,Suffocated
Tkach Vic 22,1950-01-22,1980-01-22,Suffocated
Tkach Vic 23,1950-01-23,1980-01-23,Suffocated
Tkach Vic 24,1950-01-24,1980-01-24,Suffocated
Tkach Vic 25,1950-01-25,1980-01-25,Suffocated
Tkach Vic 26,1950-01-26,1980-01-26,Suffocated
Tkach Vic 27,1950-01-27,1980-01-27,Suffocated
Tkach Vic 28,1950-01-28,1980-01-28,Suffocated
Tkach Vic 29,1950-01-29,1980-01-29,Suffocated
Tkach Vic 30,1950-01-30,1980-01-30,Suffocated
Tkach Vic 31,1950-01-31,1980-01-31,Suffocated
Tkach Vic 32,1950-02-01,1980-02-01,Suffocated
Tkach Vic 33,1950-02-02,1980-02-02,Suffocated
Tkach Vic 34,1950-02-03,1980-02-03,Suffocated
Tkach Vic 35,1950-02-04,1980-02-04,Suffocated
Tkach Vic 36,1960-01-01,1980-02-05,Suffocated
Tkach Vic 37,1985-01-01,2005-01-01,Suffocated
Mikhasevich Vic 1,1950-01-01,1971-01-01,Strangled
Mikhasevich Vic 2,1950-01-02,1971-01-02,Strangled
Mikhasevich Vic 3,1950-01-03,1971-01-03,Strangled
Mikhasevich Vic 4,1950-01-04,1971-01-04,Strangled
Mikhasevich Vic 5,1950-01-05,1971-01-05,Strangled
Mikhasevich Vic 6,1950-01-06,1971-01-06,Strangled
Mikhasevich Vic 7,1950-01-07,1971-01-07,Strangled
Mikhasevich Vic 8,1950-01-08,1971-01-08,Strangled
Mikhasevich Vic 9,1950-01-09,1971-01-09,Strangled
Mikhasevich Vic 10,1950-01-10,1971-01-10,Strangled
Mikhasevich Vic 11,1950-01-11,1971-01-11,Strangled
Mikhasevich Vic 12,1950-01-12,1971-01-12,Strangled
Mikhasevich Vic 13,1950-01-13,1971-01-13,Strangled
Mikhasevich Vic 14,1950-01-14,1971-01-14,Strangled
Mikhasevich Vic 15,1950-01-15,1971-01-15,Strangled
Mikhasevich Vic 16,1950-01-16,1971-01-16,Strangled
Mikhasevich Vic 17,1950-01-17,1971-01-17,Strangled
Mikhasevich Vic 18,1950-01-18,1971-01-18,Strangled
Mikhasevich Vic 19,1950-01-19,1971-01-19,Strangled
Mikhasevich Vic 20,1950-01-20,1971-01-20,Strangled
Mikhasevich Vic 21,1950-01-21,1971-01-21,Strangled
Mikhasevich Vic 22,1950-01-22,1971-01-22,Strangled
Mikhasevich Vic 23,1950-01-23,1971-01-23,Strangled
Mikhasevich Vic 24,1950-01-24,1971-01-24,Strangled
Mikhasevich Vic 25,1950-01-25,1971-01-25,Strangled
Mikhasevich Vic 26,1950-01-26,1971-01-26,Strangled
Mikhasevich Vic 27,1950-01-27,1971-01-27,Strangled
Mikhasevich Vic 28,1950-01-28,1971-01-28,Strangled
Mikhasevich Vic 29,1950-01-29,1971-01-29,Strangled
Mikhasevich Vic 30,1950-01-30,1971-01-30,Strangled
Mikhasevich Vic 31,1950-01-31,1971-01-31,Strangled
Mikhasevich Vic 32,1950-02-01,1971-02-01,Strangled
Mikhasevich Vic 33,1950-02-02,1971-02-02,Strangled
Mikhasevich Vic 34,1950-02-03,1971-02-03,Strangled
Mikhasevich Vic 35,1950-02-04,1971-02-04,Strangled
Mikhasevich Vic 36,1950-02-05,1985-01-01,Strangled
Bundy Vic 1,1952-01-01,1974-02-01,Bludgeoned
Bundy Vic 2,1952-01-02,1974-02-02,Bludgeoned
Bundy Vic 3,1952-01-03,1974-02-03,Bludgeoned
Bundy Vic 4,1952-01-04,1974-02-04,Bludgeoned
Bundy Vic 5,1952-01-05,1974-02-05,Bludgeoned
Bundy Vic 6,1952-01-06,1974-02-06,Bludgeoned
Bundy Vic 7,1952-01-07,1974-02-07,Bludgeoned
Bundy Vic 8,1952-01-08,1974-02-08,Bludgeoned
Bundy Vic 9,1952-01-09,1974-02-09,Bludgeoned
Bundy Vic 10,1952-01-10,1974-02-10,Bludgeoned
Bundy Vic 11,1952-01-11,1974-02-11,Bludgeoned
Bundy Vic 12,1952-01-12,1974-02-12,Bludgeoned
Bundy Vic 13,1952-01-13,1974-02-13,Bludgeoned
Bundy Vic 14,1952-01-14,1974-02-14,Bludgeoned
Bundy Vic 15,1952-01-15,1974-02-15,Bludgeoned
Bundy Vic 16,1952-01-16,1974-02-16,Bludgeoned
Bundy Vic 17,1952-01-17,1974-02-17,Bludgeoned
Bundy Vic 18,1952-01-18,1974-02-18,Bludgeoned
Bundy Vic 19,1952-01-19,1974-02-19,Bludgeoned
Bundy Vic 20,1952-01-20,1974-02-20,Bludgeoned
Bundy Vic 21,1952-01-21,1974-02-21,Bludgeoned
Bundy Vic 22,1952-01-22,1974-02-22,Bludgeoned
Bundy Vic 23,1952-01-23,1974-02-23,Bludgeoned
Bundy Vic 24,1952-01-24,1974-02-24,Bludgeoned
Bundy Vic 25,1952-01-25,1974-02-25,Bludgeoned
Bundy Vic 26,1952-01-26,1974-02-26,Bludgeoned
Bundy Vic 27,1952-01-27,1974-02-27,Bludgeoned
Bundy Vic 28,1952-01-28,1974-02-28,Bludgeoned
Bundy Vic 29,1952-01-29,1974-03-01,Bludgeoned
Bundy Vic 30,1960-01-01,1978-02-04,Bludgeoned
Gacy Vic 1,1960-01-01,1972-01-03,Stabbed
Gacy Vic 2,1960-01-02,1972-01-04,Strangled
Gacy Vic 3,1960-01-03,1972-01-05,Strangled
Gacy Vic 4,1960-01-04,1972-01-06,Strangled
Gacy Vic 5,1960-01-05,1972-01-07,Strangled
Gacy Vic 6,1960-01-06,1972-01-08,Strangled
Gacy Vic 7,1960-01-07,1972-01-09,Strangled
Gacy Vic 8,1960-01-08,1972-01-10,Strangled
Gacy Vic 9,1960-01-09,1972-01-11,Strangled
Gacy Vic 10,1960-01-10,1972-01-12,Strangled
Gacy Vic 11,1960-01-11,1972-01-13,Strangled
Gacy Vic 12,1960-01-12,1972-01-14,Strangled
Gacy Vic 13,1960-01-13,1972-01-15,Strangled
Gacy Vic 14,1960-01-14,1972-01-16,Strangled
Gacy Vic 15,1960-01-15,1972-01-17,Strangled
Gacy Vic 16,1960-01-16,1972-01-18,Strangled
Gacy Vic 17,1960-01-17,1972-01-19,Strangled
Gacy Vic 18,1960-01-18,1972-01-20,Strangled
Gacy Vic 19,1960-01-19,1972-01-21,Strangled
Gacy Vic 20,1960-01-20,1972-01-22,Strangled
Gacy Vic 21,1960-01-21,1972-01-23,Strangled
Gacy Vic 22,1960-01-22,1972-01-24,Strangled
Gacy Vic 23,1960-01-23,1972-01-25,Strangled
Gacy Vic 24,1960-01-24,1972-01-26,Strangled
Gacy Vic 25,1960-01-25,1972-01-27,Strangled
Gacy Vic 26,1960-01-26,1972-01-28,Strangled
Gacy Vic 27,1960-01-27,1972-01-29,Strangled
Gacy Vic 28,1960-01-28,1972-01-30,Strangled
Gacy Vic 29,1960-01-29,1972-01-31,Strangled
Gacy Vic 30,1960-01-30,1972-02-01,Strangled
Gacy Vic 31,1960-01-31,1972-02-02,Strangled
Gacy Vic 32,1960-02-01,1972-02-03,Strangled
Gacy Vic 33,1960-02-02,1972-02-04,Strangled
Gacy Vic 34,1960-02-03,1978-12-11,Strangled
Borujerdi Vic 1,1900-01-01,1907-01-01,Unknown
Borujerdi Vic 2,1900-01-02,1907-01-02,Unknown
Borujerdi Vic 3,1900-01-03,1907-01-03,Unknown
Borujerdi Vic 4,1900-01-04,1907-01-04,Unknown
Borujerdi Vic 5,1900-01-05,1907-01-05,Unknown
Borujerdi Vic 6,1900-01-06,1907-01-06,Unknown
Borujerdi Vic 7,1900-01-07,1907-01-07,Unknown
Borujerdi Vic 8,1900-01-08,1907-01-08,Unknown
Borujerdi Vic 9,1900-01-09,1907-01-09,Unknown
Borujerdi Vic 10,1900-01-10,1907-01-10,Unknown
Borujerdi Vic 11,1900-01-11,1907-01-11,Unknown
Borujerdi Vic 12,1900-01-12,1907-01-12,Unknown
Borujerdi Vic 13,1900-01-13,1907-01-13,Unknown
Borujerdi Vic 14,1900-01-14,1907-01-14,Unknown
Borujerdi Vic 15,1900-01-15,1907-01-15,Unknown
Borujerdi Vic 16,1900-01-16,1907-01-16,Unknown
Borujerdi Vic 17,1900-01-17,1907-01-17,Unknown
Borujerdi Vic 18,1900-01-18,1907-01-18,Unknown
Borujerdi Vic 19,1900-01-19,1907-01-19,Unknown
Borujerdi Vic 20,1900-01-20,1907-01-20,Unknown
Borujerdi Vic 21,1900-01-21,1907-01-21,Unknown
Borujerdi Vic 22,1900-01-22,1907-01-22,Unknown
Borujerdi Vic 23,1900-01-23,1907-01-23,Unknown
Borujerdi Vic 24,1900-01-24,1907-01-24,Unknown
Borujerdi Vic 25,1900-01-25,1907-01-25,Unknown
Borujerdi Vic 26,1900-01-26,1907-01-26,Unknown
Borujerdi Vic 27,1900-01-27,1907-01-27,Unknown
Borujerdi Vic 28,1900-01-28,1907-01-28,Unknown
Borujerdi Vic 29,1900-01-29,1907-01-29,Unknown
Borujerdi Vic 30,1900-01-30,1907-01-30,Unknown
Borujerdi Vic 31,1900-01-31,1907-01-31,Unknown
Borujerdi Vic 32,1892-01-01,1907-02-01,Unknown
Borujerdi Vic 33,1919-01-01,1934-01-01,Unknown
Komaroff Vic 1,1895-01-01,1921-01-01,Bludgeoned
Komaroff Vic 2,1899-12-30,1921-01-02,Bludgeoned
Komaroff Vic 3,1899-12-30,1921-01-03,Bludgeoned
Komaroff Vic 4,1899-12-30,1921-01-04,Bludgeoned
Komaroff Vic 5,1899-12-30,1921-01-05,Bludgeoned
Komaroff Vic 6,1899-12-30,1921-01-06,Bludgeoned
Komaroff Vic 7,1899-12-30,1921-01-07,Bludgeoned
Komaroff Vic 8,1899-12-30,1921-01-08,Bludgeoned
Komaroff Vic 9,1899-12-30,1921-01-09,Bludgeoned
Komaroff Vic 10,1899-12-30,1921-01-10,Bludgeoned
Komaroff Vic 11,1899-12-30,1921-01-11,Bludgeoned
Komaroff Vic 12,1899-12-30,1921-01-12,Bludgeoned
Komaroff Vic 13,1899-12-30,1921-01-13,ThroatCut
Komaroff Vic 14,1899-12-30,1921-01-14,ThroatCut
Komaroff Vic 15,1899-12-30,1921-01-15,Bludgeoned
Komaroff Vic 16,1899-12-30,1921-01-16,Bludgeoned
Komaroff Vic 17,1899-12-30,1921-01-17,Bludgeoned
Komaroff Vic 18,1899-12-30,1921-01-18,ThroatCut
Komaroff Vic 19,1899-12-30,1921-01-19,Bludgeoned
Komaroff Vic 20,1899-12-30,1921-01-20,Bludgeoned
Komaroff Vic 21,1899-12-30,1921-01-21,Bludgeoned
Komaroff Vic 22,1899-12-30,1921-01-22,Bludgeoned
Komaroff Vic 23,1899-12-30,1921-01-23,ThroatCut
Komaroff Vic 24,1899-12-30,1921-01-24,Bludgeoned
Komaroff Vic 25,1899-12-30,1921-01-25,Bludgeoned
Komaroff Vic 26,1899-12-30,1921-01-26,Bludgeoned
Komaroff Vic 27,1899-12-30,1921-01-27,ThroatCut
Komaroff Vic 28,1899-12-30,1921-01-28,Bludgeoned
Komaroff Vic 29,1899-12-30,1921-01-29,Bludgeoned
Komaroff Vic 30,1899-12-30,1921-01-30,ThroatCut
Komaroff Vic 31,1899-12-30,1921-01-31,Bludgeoned
Komaroff Vic 32,1899-12-30,1921-02-01,Bludgeoned
Komaroff Vic 33,1899-12-30,1923-01-01,ThroatCut
Mansour Vic 1,1986-01-01,2000-01-01,Buried
Mansour Vic 2,1986-01-02,2000-01-02,Buried
Mansour Vic 3,1986-01-03,2000-01-03,Buried
Mansour Vic 4,1986-01-04,2000-01-04,Buried
Mansour Vic 5,1986-01-05,2000-01-05,Drowned
Mansour Vic 6,1986-01-06,2000-01-06,Drowned
Mansour Vic 7,1986-01-07,2000-01-07,Drowned
Mansour Vic 8,1986-01-08,2000-01-08,Buried
Mansour Vic 9,1986-01-09,2000-01-09,Drowned
Mansour Vic 10,1986-01-10,2000-01-10,Fell
Mansour Vic 11,1986-01-11,2000-01-11,Fell
Mansour Vic 12,1986-01-12,2000-01-12,Buried
Mansour Vic 13,1986-01-13,2000-01-13,Fell
Mansour Vic 14,1986-01-14,2000-01-14,Fell
Mansour Vic 15,1986-01-15,2000-01-15,Drowned
Mansour Vic 16,1986-01-16,2000-01-16,Buried
Mansour Vic 17,1986-01-17,2000-01-17,Drowned
Mansour Vic 18,1986-01-18,2000-01-18,Drowned
Mansour Vic 19,1986-01-19,2000-01-19,Drowned
Mansour Vic 20,1986-01-20,2000-01-20,Buried
Mansour Vic 21,1986-01-21,2000-01-21,Fell
Mansour Vic 22,1986-01-22,2000-01-22,Fell
Mansour Vic 23,1986-01-23,2000-01-23,Drowned
Mansour Vic 24,1986-01-24,2000-01-24,Drowned
Mansour Vic 25,1986-01-25,2000-01-25,Drowned
Mansour Vic 26,1986-01-26,2000-01-26,Drowned
Mansour Vic 27,1986-01-27,2000-01-27,Fell
Mansour Vic 28,1986-01-28,2000-01-28,Drowned
Mansour Vic 29,1986-01-29,2000-01-29,Drowned
Mansour Vic 30,1986-01-30,2000-01-30,Drowned
Mansour Vic 31,1990-01-01,2000-02-01,Drowned
Mansour Vic 32,1997-01-01,2007-01-01,Drowned
Mary Lou Pratt,1957-01-01,1990-12-13,Gunshot
Susan Peterson,1961-01-01,1991-02-10,Gunshot
Shirley Williams,1961-01-01,1991-03-18,Gunshot
Alcala Vic 1,1959-01-01,1971-06-12,Bludgeoned
Alcala Vic 2,1959-01-02,1971-06-13,Bludgeoned
Alcala Vic 3,1959-01-03,1971-06-14,Bludgeoned
Alcala Vic 4,1959-01-04,1971-06-15,Bludgeoned
Alcala Vic 5,1959-01-05,1971-06-16,Bludgeoned
Alcala Vic 6,1949-01-01,1971-06-17,Bludgeoned
Alcala Vic 7,1958-01-01,1979-01-01,Bludgeoned
Allen Vic 1,1900-01-01,1974-01-01,Unknown
Allen Vic 2,1900-01-01,1987-01-01,Unknown
Allen Vic 3,1900-01-01,1987-01-02,Unknown
Angelo Vic 1,1930-01-01,1987-04-01,Poisoned
Angelo Vic 2,1930-01-02,1987-04-02,Poisoned
Angelo Vic 3,1930-01-03,1987-04-03,Poisoned
Angelo Vic 4,1930-01-04,1987-04-04,Poisoned
Angelo Vic 5,1930-01-05,1987-04-05,Poisoned
Angelo Vic 6,1980-01-01,1987-10-01,Poisoned
Angelo Vic 7,1980-01-02,,
Angelo Vic 8,1980-01-03,,
Angelo Vic 9,1980-01-04,,
Angelo Vic 10,1980-01-05,,
Angelo Vic 11,1980-01-06,,
Angelo Vic 12,1980-01-07,,
Angelo Vic 13,1980-01-08,,
Angelo Vic 14,1980-01-09,,
Angelo Vic 15,1980-01-10,,
Angelo Vic 16,1980-01-11,,
Angelo Vic 17,1980-01-12,,
Angelo Vic 18,1980-01-13,,
Angelo Vic 19,1980-01-14,,
Angelo Vic 20,1980-01-15,,
Angelo Vic 21,1980-01-16,,
Angelo Vic 22,1980-01-17,,
Angelo Vic 23,1980-01-18,,
Angelo Vic 24,1980-01-19,,
Angelo Vic 25,1980-01-20,,
Angelo Vic 26,1980-01-21,,
Angelo Vic 27,1980-01-22,,
Angelo Vic 28,1980-01-23,,
Angelo Vic 29,1980-01-24,,
Angelo Vic 30,1980-01-25,,
Angelo Vic 31,1980-01-26,,
Angelo Vic 32,1980-01-27,,
Angelo Vic 33,1980-01-28,,
Angelo Vic 34,1980-01-29,,
Gilligan Vic 1,1830-01-01,1910-01-01,Poisoned
Gilligan Vic 2,1830-01-02,1910-01-02,Poisoned
Gilligan Vic 3,1830-01-02,1910-01-03,Poisoned
Gilligan Vic 4,1830-01-02,1910-01-04,Poisoned
Gilligan Vic 5,1830-01-02,1910-01-05,Poisoned
Gilligan Vic 6,1830-01-02,1910-01-06,Poisoned
Gilligan Vic 7,1830-01-02,1910-01-07,Poisoned
Gilligan Vic 8,1830-01-02,1910-01-08,Poisoned
Gilligan Vic 9,1830-01-02,1910-01-09,Poisoned
Gilligan Vic 10,1830-01-02,1910-01-10,Poisoned
Gilligan Vic 11,1820-01-01,1910-01-11,Poisoned
Gilligan Vic 12,1820-01-01,1910-01-12,Poisoned
Gilligan Vic 13,1820-01-01,1910-01-13,Poisoned
Gilligan Vic 14,1820-01-01,1910-01-14,Poisoned
Gilligan Vic 15,1820-01-01,1910-01-15,Poisoned
Gilligan Vic 16,1820-01-01,1910-01-16,Poisoned
Gilligan Vic 17,1820-01-01,1910-01-17,Poisoned
Gilligan Vic 18,1820-01-01,1910-01-18,Poisoned
Gilligan Vic 19,1820-01-01,1910-01-19,Poisoned
Gilligan Vic 20,1820-01-01,1910-01-20,Poisoned
Gilligan Vic 21,1820-01-01,1910-01-21,Poisoned
Gilligan Vic 22,1820-01-01,1910-01-22,Poisoned
Gilligan Vic 23,1820-01-01,1910-01-23,Poisoned
Gilligan Vic 24,1820-01-01,1910-01-24,Poisoned
Gilligan Vic 25,1820-01-01,1910-01-25,Poisoned
Gilligan Vic 26,1820-01-01,1910-01-26,Poisoned
Gilligan Vic 27,1820-01-01,1910-01-27,Poisoned
Gilligan Vic 28,1820-01-01,1910-01-28,Poisoned
Gilligan Vic 29,1820-01-01,1910-01-29,Poisoned
Gilligan Vic 30,1820-01-01,1910-01-30,Poisoned
Gilligan Vic 31,1820-01-01,1910-01-31,Poisoned
Gilligan Vic 32,1820-01-01,1910-02-01,Poisoned
Gilligan Vic 33,1820-01-01,1910-02-02,Poisoned
Gilligan Vic 34,1820-01-01,1910-02-03,Poisoned
Gilligan Vic 35,1820-01-01,1910-02-04,Poisoned
Gilligan Vic 36,1820-01-01,1910-02-05,Poisoned
Gilligan Vic 37,1820-01-01,1910-02-06,Poisoned
Gilligan Vic 38,1820-01-01,1910-02-07,Poisoned
Gilligan Vic 39,1820-01-01,1910-02-08,Poisoned
Gilligan Vic 40,1820-01-01,1910-02-09,Poisoned
Gilligan Vic 41,1820-01-01,1910-02-10,Poisoned
Gilligan Vic 42,1820-01-01,1910-02-11,Poisoned
Gilligan Vic 43,1820-01-01,1910-02-12,Poisoned
Gilligan Vic 44,1820-01-01,1910-02-13,Poisoned
Gilligan Vic 45,1820-01-01,1910-02-14,Poisoned
Gilligan Vic 46,1820-01-01,1910-02-15,Poisoned
Gilligan Vic 47,1820-01-01,1910-02-16,Poisoned
Gilligan Vic 48,1820-01-01,1910-02-17,Poisoned
Gilligan Vic 49,1820-01-01,1910-02-18,Poisoned
Gilligan Vic 50,1820-01-01,1910-02-19,Poisoned
Gilligan Vic 51,1820-01-01,1910-02-20,Poisoned
Gilligan Vic 52,1820-01-01,1910-02-21,Poisoned
Gilligan Vic 53,1820-01-01,1910-02-22,Poisoned
Gilligan Vic 54,1820-01-01,1910-02-23,Poisoned
Gilligan Vic 55,1820-01-01,1910-02-24,Poisoned
Gilligan Vic 56,1820-01-01,1910-02-25,Poisoned
Gilligan Vic 57,1820-01-01,1910-02-26,Poisoned
Gilligan Vic 58,1820-01-01,1910-02-27,Poisoned
Gilligan Vic 59,1815-01-01,1910-02-28,Poisoned
Gilligan Vic 60,1815-01-01,1917-01-01,Poisoned
Darlene Saunders,1956-03-06,1991-10-01,Strangled
Debbie Ann Friday,1961-07-02,1991-12-14,Strangled
Bertha Jean Mason,19650-01-07,1991-12-30,Strangled
Patricia Cannon George,1956-01-01,1992-01-02,Strangled
Vickie Truelove,1953-01-01,1992-01-25,Strangled
Valerie Chalk,1958-01-01,1992-02-17,Strangled
Juanita Hardy,1969-01-01,1992-02-17,Strangled
Brenda Mitchell,1954-01-01,1992-04-09,Strangled
Vicki Beasley-Brown,1949-01-01,1992-04-15,Strangled
Joanne O'Rourke,1952-01-01,1992-06-15,Strangled
Ocinena Waymer,1970-01-01,1992-09-21,Strangled
Hazel Brown,1916-01-01,1936-01-01,Aligator
Minnie Gotthard,1018-01-01,1938-01-01,Aligator
Thomas Burke,1929-01-01,1969-04-04,Poisoned
Jennings Barfield,1944-01-01,1974-03-22,Poisoned
Lillian Bullard,1909-01-01,1974-12-30,Poisoned
Montgomery Edwards,1892-01-01,1977-01-27,Poisoned
John Henry,1903-01-01,1977-06-04,Poisoned
Rowland Stuart Taylor,1944-01-01,1978-02-03,Poisoned
Lucinda Lynn Schaefer,1963-01-01,1979-06-24,Strangled
Andrea Joy Hall,1961-01-01,1979-07-08,Strangled
Jackie Doris Gilliam,1966-01-01,1979-09-01,Strangled
Jacqueline Leah Lamp,1962-01-01,1979-09-01,Strangled
Shirley Lynette Ledford,1963-01-01,1979-10-31,Strangled
Angela Monroe,1961-01-01,1982-01-01,Strangled
Anna Ewing,1962-01-01,2004-07-14,Strangled
Patricia Wilson Butler,1946-01-01,2004-09-02,Strangled
Sheliah McKinzie,1966-01-01,2004-09-02,Strangled
Darci I. Williams,1979-01-01,2004-09-04,Strangled
Carmen Hunt,1964-01-01,2004-09-04,Strangled
Claudette Juniel,1973-01-01,2004-09-04,Strangled
Mary Fisher,1962-01-01,2001-04-10,Gunshot
Britney Fisher,1989-01-01,2001-04-10,ThroatCut
Bobby Fisher,1991-01-01,2001-04-10,ThroatCut
Annette Kathryn Bishop,1939-01-01,1976-03-01,Bludgeon
William Bradford Bishop III,1962-01-01,1976-03-01,Bludgeon
Brenton Germain Bishop,1966-01-01,1976-03-01,Bludgeon
Geoffrey Corder Bishop,1971-01-01,1976-03-01,Bludgeon
Amina Said,1989-01-01,2008-01-01,Gunshot
Sarah Said,1990-01-01,2008-01-01,Gunshot
